Orthogroup	Calcidiscus_leptoporus	Emiliania_huxleyi	Gephyrocapsa_oceanica	Hymenomonas_coronata	Ochrosphaera_neapolitana	Pleurochrysis_elongata	Umbilicosphaera_foliosa	Chrysochromulina_leadbeateri	Chrysochromulina_parva	Chrysochromulina_sp	Pavlova_lutheri	Pavlova_gyrans	Isochrysis_galbana	Tisochrysis_lutea	Phaeocystis_globosa	Phaeocystis_antarctica	Imantonia_rotunda	Dicrateria_rotunda	Rebecca_salina	Platychrysis_pigra	Syracosphaera_noncalc_1	Syracosphaera_noncalc_2	Chrysotila_carterae	Prymnesium_parvum	Haptolina_ericina	Diacronema_lutheri	Ochromonas_like_outgroup
OG0000001	Calcidiscus_gene001	Emiliania_gene001	Gephyrocapsa_gene001	Hymenomonas_gene001	Ochrosphaera_gene001	Pleurochrysis_gene001	Umbilicosphaera_gene001																				
OG0000002	Calcidiscus_gene002	Emiliania_gene002	Gephyrocapsa_gene002	Hymenomonas_gene002	Ochrosphaera_gene002	Pleurochrysis_gene002																					
OG0000003	Calcidiscus_gene003	Emiliania_gene003	Gephyrocapsa_gene003	Hymenomonas_gene003	Ochrosphaera_gene003	Pleurochrysis_gene003	Umbilicosphaera_gene003									Phaeocystis_globosa_gene017										
OG0000004	Calcidiscus_gene004	Emiliania_gene004	Gephyrocapsa_gene004	Hymenomonas_gene004	Ochrosphaera_gene004																		Prymnesium_gene004		
OG0000005		Emiliania_gene005	Gephyrocapsa_gene005	Hymenomonas_gene005	Ochrosphaera_gene005	Pleurochrysis_gene005	Umbilicosphaera_gene005																					Ochromonas_gene005
OG0000006	Calcidiscus_gene006	Emiliania_gene006	Gephyrocapsa_gene006	Hymenomonas_gene006	Ochrosphaera_gene006	Pleurochrysis_gene006	Umbilicosphaera_gene006	Chryso_lead_gene006	Chryso_parva_gene006	Chryso_sp_gene006	Pavlova_lutheri_gene006	Pavlova_gyrans_gene006	Isochrysis_gene006	Tisochrysis_gene006	Phaeocystis_globosa_gene006	Phaeocystis_antarctica_gene006	Imantonia_gene006	Dicrateria_gene006	Rebecca_gene006	Platychrysis_gene006	Syraco_noncalc1_gene006	Syraco_noncalc2_gene006	Chrysotila_gene006	Prymnesium_gene006	Haptolina_gene006	Diacronema_gene006	Ochromonas_gene006
OG0000007							Chryso_lead_gene007	Chryso_parva_gene007	Chryso_sp_gene007	Pavlova_lutheri_gene007	Pavlova_gyrans_gene007	Isochrysis_gene007	Tisochrysis_gene007	Phaeocystis_globosa_gene007	Phaeocystis_antarctica_gene007	Imantonia_gene007	Dicrateria_gene007	Rebecca_gene007	Platychrysis_gene007	Syraco_noncalc1_gene007	Syraco_noncalc2_gene007	Chrysotila_gene007	Prymnesium_gene007	Haptolina_gene007	Diacronema_gene007	Ochromonas_gene007
OG0000008	Calcidiscus_gene008	Emiliania_gene008, Emiliania_gene009	Gephyrocapsa_gene008																								
OG0000009	Calcidiscus_gene009			Hymenomonas_gene009						Pavlova_lutheri_gene009				Phaeocystis_globosa_gene009											
OG0000010		Emiliania_gene010	Gephyrocapsa_gene010		Hymenomonas_gene010		Pleurochrysis_gene010	Umbilicosphaera_gene010																			
